{
  "tp": 8,
  "fp": 2,
  "tn": 18,
  "fn": 9,
  "accuracy": 0.7027027027027027,
  "precision": 0.8,
  "recall": 0.47058823529411764,
  "specificity": 0.9,
  "f1": 0.5925925925925927,
  "details": [
    {
      "video": "Fall/01.mp4",
      "label": 1,
      "predicted": 0,
      "max_prob": 0.9881,
      "max_motion": 